FLIGHT_NO|DEP_LOC|ARR_LOC|VALID_TILL|FLIGHT_TIME|FLIGHT_DUR|FARE|SEAT_AVAILABILITY|CLASS
AI210|DEL|MUB|05-12-2013|0600|4.10|5500|Y|EB
AI211|DEL|MUB|10-12-2013|0630|4.30|4900|Y|E
AI212|DEL|MUB|10-12-2013|0830|4.00|5650|Y|EB
AI213|DEL|MUB|17-12-2013|1830|4.20|5300|Y|E
AI214|DEL|MUB|20-12-2013|1430|3.45|6500|N|EB
AI215|DEL|BGR|12-12-2013|1430|4.45|8500|Y|EB
AI216|DEL|BGR|15-12-2013|1330|4.45|8300|N|EB
AI217|DEL|BGR|17-12-2013|1330|4.50|8100|Y|EB
AI218|DEL|BGR|25-12-2013|1930|4.15|9000|N|EB
