FLIGHT_NO|DEP_LOC|ARR_LOC|VALID_TILL|FLIGHT_TIME|FLIGHT_DUR|FARE|SEAT_AVAILABILITY|CLASS
6E371|DEL|MUB|05-12-2013|0500|4.10|5100|Y|E
6E372|DEL|MUB|12-12-2013|0930|4.10|5500|Y|EB
6E373|DEL|MUB|17-12-2013|1230|4.00|6650|N|E
6E374|DEL|MUB|25-12-2013|1830|4.25|5300|Y|EB
6E375|DEL|MUB|29-12-2013|1630|3.45|6500|Y|E
6E376|DEL|BGR|19-12-2013|0730|4.48|7500|Y|EB
6E377|DEL|BGR|27-12-2013|1330|4.45|8300|Y|EB
6E378|DEL|BGR|31-12-2013|1130|4.50|8100|N|EB
6E379|DEL|BGR|31-12-2013|0630|4.15|9000|N|EB
