FLIGHT_NO|DEP_LOC|ARR_LOC|VALID_TILL|FLIGHT_TIME|FLIGHT_DUR|FARE|SEAT_AVAILABILITY|CLASS
9W370|DEL|MUB|06-12-2013|0600|4.10|5500|Y|EB
9W371|DEL|MUB|15-12-2013|0630|4.30|4900|N|E
9W372|DEL|MUB|17-12-2013|0830|4.00|5650|Y|E
9W373|DEL|MUB|17-12-2013|1830|4.20|5300|Y|EB
9W374|DEL|MUB|29-12-2013|1430|3.45|6500|N|E
9W375|DEL|BGR|19-12-2013|1430|4.45|8500|Y|EB
9W376|DEL|BGR|12-12-2013|1330|4.45|8300|Y|E
9W377|DEL|BGR|27-12-2013|1330|4.50|8100|Y|EB
9W378|DEL|BGR|31-12-2013|1930|4.15|9000|N|EB
